Redirect from,Redirect to
/dog-age-calculator/,https://learn.wattspet.com/dog-age-calculator/
/supplement-quiz/,https://learn.wattspet.com/supplement-quiz/
/ingredient-analyzer/,https://learn.wattspet.com/ingredient-analyzer/
/ingredient-analyzer/ingredients/,https://learn.wattspet.com/ingredient-analyzer/ingredients/
/blog/,https://learn.wattspet.com/blog/
/blog/active-working-dog-nutrition.html,https://learn.wattspet.com/blog/active-working-dog-nutrition.html
/blog/antioxidants-for-dogs.html,https://learn.wattspet.com/blog/antioxidants-for-dogs.html
/blog/anti-inflammatory-supplements-for-dogs.html,https://learn.wattspet.com/blog/anti-inflammatory-supplements-for-dogs.html
/blog/b-vitamins-for-dogs.html,https://learn.wattspet.com/blog/b-vitamins-for-dogs.html
/blog/beef-liver-for-dogs.html,https://learn.wattspet.com/blog/beef-liver-for-dogs.html
/blog/best-prebiotic-foods-for-dogs.html,https://learn.wattspet.com/blog/best-prebiotic-foods-for-dogs.html
/blog/bone-broth-for-dogs.html,https://learn.wattspet.com/blog/bone-broth-for-dogs.html
/blog/calming-supplements-for-dogs.html,https://learn.wattspet.com/blog/calming-supplements-for-dogs.html
/blog/can-dogs-take-human-supplements.html,https://learn.wattspet.com/blog/can-dogs-take-human-supplements.html
/blog/turmeric-for-dogs.html,https://learn.wattspet.com/blog/turmeric-for-dogs.html
/blog/hyaluronic-acid-for-dogs.html,https://learn.wattspet.com/blog/hyaluronic-acid-for-dogs.html
/blog/boswellia-for-dogs.html,https://learn.wattspet.com/blog/boswellia-for-dogs.html
/blog/food-thickeners-gums-in-dog-food.html,https://learn.wattspet.com/blog/food-thickeners-gums-in-dog-food.html
/blog/chicken-by-products-dog-food.html,https://learn.wattspet.com/blog/chicken-by-products-dog-food.html
/blog/choline-for-dogs.html,https://learn.wattspet.com/blog/choline-for-dogs.html
/blog/collagen-for-dogs-benefits.html,https://learn.wattspet.com/blog/collagen-for-dogs-benefits.html
/blog/digestive-enzymes-for-dogs.html,https://learn.wattspet.com/blog/digestive-enzymes-for-dogs.html
/blog/do-joint-supplements-work-for-dogs.html,https://learn.wattspet.com/blog/do-joint-supplements-work-for-dogs.html
/blog/dog-allergies-diet-supplements.html,https://learn.wattspet.com/blog/dog-allergies-diet-supplements.html
/blog/dog-anal-gland-diet.html,https://learn.wattspet.com/blog/dog-anal-gland-diet.html
/blog/dog-skin-coat-supplements.html,https://learn.wattspet.com/blog/dog-skin-coat-supplements.html
/blog/dog-supplement-formats-compared.html,https://learn.wattspet.com/blog/dog-supplement-formats-compared.html
/blog/dog-vitamins-deficiency.html,https://learn.wattspet.com/blog/dog-vitamins-deficiency.html
/blog/dog-vs-human-nutrition.html,https://learn.wattspet.com/blog/dog-vs-human-nutrition.html
/blog/fillers-in-dog-supplements.html,https://learn.wattspet.com/blog/fillers-in-dog-supplements.html
/blog/green-lipped-mussel-for-dogs.html,https://learn.wattspet.com/blog/green-lipped-mussel-for-dogs.html
/blog/gut-health-for-dogs.html,https://learn.wattspet.com/blog/gut-health-for-dogs.html
/blog/how-much-liver-to-feed-dog.html,https://learn.wattspet.com/blog/how-much-liver-to-feed-dog.html
/blog/how-pet-supplements-are-made.html,https://learn.wattspet.com/blog/how-pet-supplements-are-made.html
/blog/how-to-read-dog-supplement-labels.html,https://learn.wattspet.com/blog/how-to-read-dog-supplement-labels.html
/blog/human-grade-dog-treats.html,https://learn.wattspet.com/blog/human-grade-dog-treats.html
/blog/immune-support-for-dogs.html,https://learn.wattspet.com/blog/immune-support-for-dogs.html
/blog/joint-supplements-for-dogs.html,https://learn.wattspet.com/blog/joint-supplements-for-dogs.html
/blog/large-breed-puppy-nutrition.html,https://learn.wattspet.com/blog/large-breed-puppy-nutrition.html
/blog/eye-supplements-for-dogs.html,https://learn.wattspet.com/blog/eye-supplements-for-dogs.html
/blog/liquid-chlorophyll-for-dogs.html,https://learn.wattspet.com/blog/liquid-chlorophyll-for-dogs.html
/blog/medicinal-mushrooms-for-dogs.html,https://learn.wattspet.com/blog/medicinal-mushrooms-for-dogs.html
/blog/leaky-gut-in-dogs.html,https://learn.wattspet.com/blog/leaky-gut-in-dogs.html
/blog/krill-oil-for-dogs.html,https://learn.wattspet.com/blog/krill-oil-for-dogs.html
/ingredient-analyzer/ingredients/inositol/,https://learn.wattspet.com/ingredient-analyzer/ingredients/inositol/
/blog/digestive-enzymes-for-cats.html,https://learn.wattspet.com/blog/digestive-enzymes-for-cats.html
/blog/joint-supplements-for-cats.html,https://learn.wattspet.com/blog/joint-supplements-for-cats.html
/blog/liver-support-for-cats.html,https://learn.wattspet.com/blog/liver-support-for-cats.html
/blog/liver-support-for-dogs.html,https://learn.wattspet.com/blog/liver-support-for-dogs.html
/blog/natural-glucosamine-sources-for-dogs.html,https://learn.wattspet.com/blog/natural-glucosamine-sources-for-dogs.html
/blog/omega-3-fish-oil-for-dogs.html,https://learn.wattspet.com/blog/omega-3-fish-oil-for-dogs.html
/blog/organ-based-nutrition-for-dogs.html,https://learn.wattspet.com/blog/organ-based-nutrition-for-dogs.html
/blog/pregnant-nursing-dog-nutrition.html,https://learn.wattspet.com/blog/pregnant-nursing-dog-nutrition.html
/blog/probiotics-for-dogs.html,https://learn.wattspet.com/blog/probiotics-for-dogs.html
/blog/probiotic-supplement-for-dogs.html,https://learn.wattspet.com/blog/probiotic-supplement-for-dogs.html
/blog/probiotics-for-dogs-with-diarrhea.html,https://learn.wattspet.com/blog/probiotics-for-dogs-with-diarrhea.html
/blog/melatonin-for-dogs.html,https://learn.wattspet.com/blog/melatonin-for-dogs.html
/blog/valerian-root-for-dogs.html,https://learn.wattspet.com/blog/valerian-root-for-dogs.html
/blog/all-natural-dog-supplements.html,https://learn.wattspet.com/blog/all-natural-dog-supplements.html
/blog/protein-for-dogs.html,https://learn.wattspet.com/blog/protein-for-dogs.html
/blog/puppy-vitamins.html,https://learn.wattspet.com/blog/puppy-vitamins.html
/blog/red-dye-40-dog-food.html,https://learn.wattspet.com/blog/red-dye-40-dog-food.html
/blog/senior-dog-formula-kibble.html,https://learn.wattspet.com/blog/senior-dog-formula-kibble.html
/blog/spirulina-for-dogs.html,https://learn.wattspet.com/blog/spirulina-for-dogs.html
/blog/vitamin-a-supplement.html,https://learn.wattspet.com/blog/vitamin-a-supplement.html
/blog/vitamin-d-for-dogs.html,https://learn.wattspet.com/blog/vitamin-d-for-dogs.html
/blog/what-extends-dog-lifespan.html,https://learn.wattspet.com/blog/what-extends-dog-lifespan.html
/blog/what-is-meat-meal-dog-food.html,https://learn.wattspet.com/blog/what-is-meat-meal-dog-food.html
/blog/whole-food-vs-synthetic-nutrients.html,https://learn.wattspet.com/blog/whole-food-vs-synthetic-nutrients.html
/blog/why-dogs-need-supplements.html,https://learn.wattspet.com/blog/why-dogs-need-supplements.html
/blog/yeast-beta-glucan-for-dogs.html,https://learn.wattspet.com/blog/yeast-beta-glucan-for-dogs.html
/blog/yeast-fermentate-for-dogs.html,https://learn.wattspet.com/blog/yeast-fermentate-for-dogs.html
/blog/zinc-for-dogs.html,https://learn.wattspet.com/blog/zinc-for-dogs.html
/ingredient-analyzer/ingredients/acacia-gum/,https://learn.wattspet.com/ingredient-analyzer/ingredients/acacia-gum/
/ingredient-analyzer/ingredients/agar-agar/,https://learn.wattspet.com/ingredient-analyzer/ingredients/agar-agar/
/ingredient-analyzer/ingredients/alfalfa-nutrient-concentrate/,https://learn.wattspet.com/ingredient-analyzer/ingredients/alfalfa-nutrient-concentrate/
/ingredient-analyzer/ingredients/algal-oil/,https://learn.wattspet.com/ingredient-analyzer/ingredients/algal-oil/
/ingredient-analyzer/ingredients/amylase/,https://learn.wattspet.com/ingredient-analyzer/ingredients/amylase/
/ingredient-analyzer/ingredients/anchovies/,https://learn.wattspet.com/ingredient-analyzer/ingredients/anchovies/
/ingredient-analyzer/ingredients/anchovy-meal/,https://learn.wattspet.com/ingredient-analyzer/ingredients/anchovy-meal/
/ingredient-analyzer/ingredients/animal-digest/,https://learn.wattspet.com/ingredient-analyzer/ingredients/animal-digest/
/ingredient-analyzer/ingredients/animal-fat/,https://learn.wattspet.com/ingredient-analyzer/ingredients/animal-fat/
/ingredient-analyzer/ingredients/anthocyanins/,https://learn.wattspet.com/ingredient-analyzer/ingredients/anthocyanins/
/ingredient-analyzer/ingredients/apple-cider-vinegar/,https://learn.wattspet.com/ingredient-analyzer/ingredients/apple-cider-vinegar/
/ingredient-analyzer/ingredients/apples/,https://learn.wattspet.com/ingredient-analyzer/ingredients/apples/
/ingredient-analyzer/ingredients/artificial-flavor/,https://learn.wattspet.com/ingredient-analyzer/ingredients/artificial-flavor/
/ingredient-analyzer/ingredients/ascorbic-acid/,https://learn.wattspet.com/ingredient-analyzer/ingredients/ascorbic-acid/
/ingredient-analyzer/ingredients/astaxanthin/,https://learn.wattspet.com/ingredient-analyzer/ingredients/astaxanthin/
/ingredient-analyzer/ingredients/astragalus/,https://learn.wattspet.com/ingredient-analyzer/ingredients/astragalus/
/ingredient-analyzer/ingredients/autolyzed-yeast/,https://learn.wattspet.com/ingredient-analyzer/ingredients/autolyzed-yeast/
/ingredient-analyzer/ingredients/bacillus-coagulans/,https://learn.wattspet.com/ingredient-analyzer/ingredients/bacillus-coagulans/
/ingredient-analyzer/ingredients/banana/,https://learn.wattspet.com/ingredient-analyzer/ingredients/banana/
/ingredient-analyzer/ingredients/barley/,https://learn.wattspet.com/ingredient-analyzer/ingredients/barley/
/ingredient-analyzer/ingredients/barley-grass/,https://learn.wattspet.com/ingredient-analyzer/ingredients/barley-grass/
/ingredient-analyzer/ingredients/barley-malt-extract/,https://learn.wattspet.com/ingredient-analyzer/ingredients/barley-malt-extract/
/ingredient-analyzer/ingredients/bean-flour/,https://learn.wattspet.com/ingredient-analyzer/ingredients/bean-flour/
/ingredient-analyzer/ingredients/beef/,https://learn.wattspet.com/ingredient-analyzer/ingredients/beef/
/ingredient-analyzer/ingredients/beef-fat/,https://learn.wattspet.com/ingredient-analyzer/ingredients/beef-fat/
/ingredient-analyzer/ingredients/beef-heart/,https://learn.wattspet.com/ingredient-analyzer/ingredients/beef-heart/
/ingredient-analyzer/ingredients/beef-kidney/,https://learn.wattspet.com/ingredient-analyzer/ingredients/beef-kidney/
/ingredient-analyzer/ingredients/beef-liver/,https://learn.wattspet.com/ingredient-analyzer/ingredients/beef-liver/
/ingredient-analyzer/ingredients/beef-meal/,https://learn.wattspet.com/ingredient-analyzer/ingredients/beef-meal/
/ingredient-analyzer/ingredients/beef-spleen/,https://learn.wattspet.com/ingredient-analyzer/ingredients/beef-spleen/
/ingredient-analyzer/ingredients/beef-tallow/,https://learn.wattspet.com/ingredient-analyzer/ingredients/beef-tallow/
/ingredient-analyzer/ingredients/beet-fiber/,https://learn.wattspet.com/ingredient-analyzer/ingredients/beet-fiber/
/ingredient-analyzer/ingredients/beet-juice-color/,https://learn.wattspet.com/ingredient-analyzer/ingredients/beet-juice-color/
/ingredient-analyzer/ingredients/beet-pulp/,https://learn.wattspet.com/ingredient-analyzer/ingredients/beet-pulp/
/ingredient-analyzer/ingredients/beetroot/,https://learn.wattspet.com/ingredient-analyzer/ingredients/beetroot/
/ingredient-analyzer/ingredients/beta-carotene/,https://learn.wattspet.com/ingredient-analyzer/ingredients/beta-carotene/
/ingredient-analyzer/ingredients/bha/,https://learn.wattspet.com/ingredient-analyzer/ingredients/bha/
/ingredient-analyzer/ingredients/bht/,https://learn.wattspet.com/ingredient-analyzer/ingredients/bht/
/ingredient-analyzer/ingredients/bifidobacterium-animalis/,https://learn.wattspet.com/ingredient-analyzer/ingredients/bifidobacterium-animalis/
/ingredient-analyzer/ingredients/bifidobacterium-lactis/,https://learn.wattspet.com/ingredient-analyzer/ingredients/bifidobacterium-lactis/
/ingredient-analyzer/ingredients/bioperine/,https://learn.wattspet.com/ingredient-analyzer/ingredients/bioperine/
/ingredient-analyzer/ingredients/biotin/,https://learn.wattspet.com/ingredient-analyzer/ingredients/biotin/
/ingredient-analyzer/ingredients/blue-1/,https://learn.wattspet.com/ingredient-analyzer/ingredients/blue-1/
/ingredient-analyzer/ingredients/blue-2/,https://learn.wattspet.com/ingredient-analyzer/ingredients/blue-2/
/ingredient-analyzer/ingredients/blueberries/,https://learn.wattspet.com/ingredient-analyzer/ingredients/blueberries/
/ingredient-analyzer/ingredients/bone-broth/,https://learn.wattspet.com/ingredient-analyzer/ingredients/bone-broth/
/ingredient-analyzer/ingredients/boswellia/,https://learn.wattspet.com/ingredient-analyzer/ingredients/boswellia/
/ingredient-analyzer/ingredients/brewers-dried-yeast/,https://learn.wattspet.com/ingredient-analyzer/ingredients/brewers-dried-yeast/
/ingredient-analyzer/ingredients/brewers-rice/,https://learn.wattspet.com/ingredient-analyzer/ingredients/brewers-rice/
/ingredient-analyzer/ingredients/broccoli/,https://learn.wattspet.com/ingredient-analyzer/ingredients/broccoli/
/ingredient-analyzer/ingredients/bromelain/,https://learn.wattspet.com/ingredient-analyzer/ingredients/bromelain/
/ingredient-analyzer/ingredients/brown-rice/,https://learn.wattspet.com/ingredient-analyzer/ingredients/brown-rice/
/ingredient-analyzer/ingredients/butternut-squash/,https://learn.wattspet.com/ingredient-analyzer/ingredients/butternut-squash/
/ingredient-analyzer/ingredients/calcium-ascorbate/,https://learn.wattspet.com/ingredient-analyzer/ingredients/calcium-ascorbate/
/ingredient-analyzer/ingredients/calcium-carbonate/,https://learn.wattspet.com/ingredient-analyzer/ingredients/calcium-carbonate/
/ingredient-analyzer/ingredients/calcium-citrate/,https://learn.wattspet.com/ingredient-analyzer/ingredients/calcium-citrate/
/ingredient-analyzer/ingredients/calcium-iodate/,https://learn.wattspet.com/ingredient-analyzer/ingredients/calcium-iodate/
/ingredient-analyzer/ingredients/calcium-pantothenate/,https://learn.wattspet.com/ingredient-analyzer/ingredients/calcium-pantothenate/
/ingredient-analyzer/ingredients/calcium-propionate/,https://learn.wattspet.com/ingredient-analyzer/ingredients/calcium-propionate/
/ingredient-analyzer/ingredients/canola-meal/,https://learn.wattspet.com/ingredient-analyzer/ingredients/canola-meal/
/ingredient-analyzer/ingredients/canola-oil/,https://learn.wattspet.com/ingredient-analyzer/ingredients/canola-oil/
/ingredient-analyzer/ingredients/carrageenan/,https://learn.wattspet.com/ingredient-analyzer/ingredients/carrageenan/
/ingredient-analyzer/ingredients/carrots/,https://learn.wattspet.com/ingredient-analyzer/ingredients/carrots/
/ingredient-analyzer/ingredients/cassava/,https://learn.wattspet.com/ingredient-analyzer/ingredients/cassava/
/ingredient-analyzer/ingredients/cassava-flour/,https://learn.wattspet.com/ingredient-analyzer/ingredients/cassava-flour/
/ingredient-analyzer/ingredients/celery/,https://learn.wattspet.com/ingredient-analyzer/ingredients/celery/
/ingredient-analyzer/ingredients/cellulase/,https://learn.wattspet.com/ingredient-analyzer/ingredients/cellulase/
/ingredient-analyzer/ingredients/cellulose/,https://learn.wattspet.com/ingredient-analyzer/ingredients/cellulose/
/ingredient-analyzer/ingredients/chaga/,https://learn.wattspet.com/ingredient-analyzer/ingredients/chaga/
/ingredient-analyzer/ingredients/chamomile/,https://learn.wattspet.com/ingredient-analyzer/ingredients/chamomile/
/ingredient-analyzer/ingredients/champignon-mushroom-extract/,https://learn.wattspet.com/ingredient-analyzer/ingredients/champignon-mushroom-extract/
/ingredient-analyzer/ingredients/chia-seed/,https://learn.wattspet.com/ingredient-analyzer/ingredients/chia-seed/
/ingredient-analyzer/ingredients/chicken/,https://learn.wattspet.com/ingredient-analyzer/ingredients/chicken/
/ingredient-analyzer/ingredients/chicken-breast/,https://learn.wattspet.com/ingredient-analyzer/ingredients/chicken-breast/
/ingredient-analyzer/ingredients/chicken-fat/,https://learn.wattspet.com/ingredient-analyzer/ingredients/chicken-fat/
/ingredient-analyzer/ingredients/chicken-heart/,https://learn.wattspet.com/ingredient-analyzer/ingredients/chicken-heart/
/ingredient-analyzer/ingredients/chicken-liver/,https://learn.wattspet.com/ingredient-analyzer/ingredients/chicken-liver/
/ingredient-analyzer/ingredients/chicken-liver-flavor/,https://learn.wattspet.com/ingredient-analyzer/ingredients/chicken-liver-flavor/
/ingredient-analyzer/ingredients/chicken-meal/,https://learn.wattspet.com/ingredient-analyzer/ingredients/chicken-meal/
/ingredient-analyzer/ingredients/chickpea-flour/,https://learn.wattspet.com/ingredient-analyzer/ingredients/chickpea-flour/
/ingredient-analyzer/ingredients/chickpeas/,https://learn.wattspet.com/ingredient-analyzer/ingredients/chickpeas/
/ingredient-analyzer/ingredients/chlorella/,https://learn.wattspet.com/ingredient-analyzer/ingredients/chlorella/
/ingredient-analyzer/ingredients/choline-chloride/,https://learn.wattspet.com/ingredient-analyzer/ingredients/choline-chloride/
/ingredient-analyzer/ingredients/chondroitin/,https://learn.wattspet.com/ingredient-analyzer/ingredients/chondroitin/
/ingredient-analyzer/ingredients/chromium-picolinate/,https://learn.wattspet.com/ingredient-analyzer/ingredients/chromium-picolinate/
/ingredient-analyzer/ingredients/citric-acid/,https://learn.wattspet.com/ingredient-analyzer/ingredients/citric-acid/
/ingredient-analyzer/ingredients/coconut-flour/,https://learn.wattspet.com/ingredient-analyzer/ingredients/coconut-flour/
/ingredient-analyzer/ingredients/coconut-glycerin/,https://learn.wattspet.com/ingredient-analyzer/ingredients/coconut-glycerin/
/ingredient-analyzer/ingredients/coconut-oil/,https://learn.wattspet.com/ingredient-analyzer/ingredients/coconut-oil/
/ingredient-analyzer/ingredients/coconut-sugar/,https://learn.wattspet.com/ingredient-analyzer/ingredients/coconut-sugar/
/ingredient-analyzer/ingredients/cod-liver-oil/,https://learn.wattspet.com/ingredient-analyzer/ingredients/cod-liver-oil/
/ingredient-analyzer/ingredients/coenzyme-q10/,https://learn.wattspet.com/ingredient-analyzer/ingredients/coenzyme-q10/
/ingredient-analyzer/ingredients/collagen/,https://learn.wattspet.com/ingredient-analyzer/ingredients/collagen/
/ingredient-analyzer/ingredients/colostrum/,https://learn.wattspet.com/ingredient-analyzer/ingredients/colostrum/
/ingredient-analyzer/ingredients/copper-amino-acid-chelate/,https://learn.wattspet.com/ingredient-analyzer/ingredients/copper-amino-acid-chelate/
/ingredient-analyzer/ingredients/copper-proteinate/,https://learn.wattspet.com/ingredient-analyzer/ingredients/copper-proteinate/
/ingredient-analyzer/ingredients/copper-sulfate/,https://learn.wattspet.com/ingredient-analyzer/ingredients/copper-sulfate/
/ingredient-analyzer/ingredients/cordyceps/,https://learn.wattspet.com/ingredient-analyzer/ingredients/cordyceps/
/ingredient-analyzer/ingredients/corn/,https://learn.wattspet.com/ingredient-analyzer/ingredients/corn/
/ingredient-analyzer/ingredients/corn-bran/,https://learn.wattspet.com/ingredient-analyzer/ingredients/corn-bran/
/ingredient-analyzer/ingredients/corn-gluten-feed/,https://learn.wattspet.com/ingredient-analyzer/ingredients/corn-gluten-feed/
/ingredient-analyzer/ingredients/corn-gluten-meal/,https://learn.wattspet.com/ingredient-analyzer/ingredients/corn-gluten-meal/
/ingredient-analyzer/ingredients/corn-meal/,https://learn.wattspet.com/ingredient-analyzer/ingredients/corn-meal/
/ingredient-analyzer/ingredients/corn-starch/,https://learn.wattspet.com/ingredient-analyzer/ingredients/corn-starch/
/ingredient-analyzer/ingredients/crab-meal/,https://learn.wattspet.com/ingredient-analyzer/ingredients/crab-meal/
/ingredient-analyzer/ingredients/cracked-pearled-barley/,https://learn.wattspet.com/ingredient-analyzer/ingredients/cracked-pearled-barley/
/ingredient-analyzer/ingredients/cranberries/,https://learn.wattspet.com/ingredient-analyzer/ingredients/cranberries/
/ingredient-analyzer/ingredients/cucumber/,https://learn.wattspet.com/ingredient-analyzer/ingredients/cucumber/
/ingredient-analyzer/ingredients/cultured-dextrose/,https://learn.wattspet.com/ingredient-analyzer/ingredients/cultured-dextrose/
/ingredient-analyzer/ingredients/dandelion-root/,https://learn.wattspet.com/ingredient-analyzer/ingredients/dandelion-root/
/ingredient-analyzer/ingredients/dicalcium-phosphate/,https://learn.wattspet.com/ingredient-analyzer/ingredients/dicalcium-phosphate/
/ingredient-analyzer/ingredients/digestive-enzymes/,https://learn.wattspet.com/ingredient-analyzer/ingredients/digestive-enzymes/
/ingredient-analyzer/ingredients/direct-dehydrated-alfalfa-pellets/,https://learn.wattspet.com/ingredient-analyzer/ingredients/direct-dehydrated-alfalfa-pellets/
/ingredient-analyzer/ingredients/dl-methionine/,https://learn.wattspet.com/ingredient-analyzer/ingredients/dl-methionine/
/ingredient-analyzer/ingredients/docosahexaenoic-acid/,https://learn.wattspet.com/ingredient-analyzer/ingredients/docosahexaenoic-acid/
/ingredient-analyzer/ingredients/dried-bacon-fat/,https://learn.wattspet.com/ingredient-analyzer/ingredients/dried-bacon-fat/
/ingredient-analyzer/ingredients/dried-chicory-root/,https://learn.wattspet.com/ingredient-analyzer/ingredients/dried-chicory-root/
/ingredient-analyzer/ingredients/dried-kelp/,https://learn.wattspet.com/ingredient-analyzer/ingredients/dried-kelp/
/ingredient-analyzer/ingredients/dried-plasma/,https://learn.wattspet.com/ingredient-analyzer/ingredients/dried-plasma/
/ingredient-analyzer/ingredients/dried-tomato-pomace/,https://learn.wattspet.com/ingredient-analyzer/ingredients/dried-tomato-pomace/
/ingredient-analyzer/ingredients/duck/,https://learn.wattspet.com/ingredient-analyzer/ingredients/duck/
/ingredient-analyzer/ingredients/duck-fat/,https://learn.wattspet.com/ingredient-analyzer/ingredients/duck-fat/
/ingredient-analyzer/ingredients/duck-liver/,https://learn.wattspet.com/ingredient-analyzer/ingredients/duck-liver/
/ingredient-analyzer/ingredients/duck-meal/,https://learn.wattspet.com/ingredient-analyzer/ingredients/duck-meal/
/ingredient-analyzer/ingredients/egg/,https://learn.wattspet.com/ingredient-analyzer/ingredients/egg/
/ingredient-analyzer/ingredients/egg-product/,https://learn.wattspet.com/ingredient-analyzer/ingredients/egg-product/
/ingredient-analyzer/ingredients/eggshell-membrane/,https://learn.wattspet.com/ingredient-analyzer/ingredients/eggshell-membrane/
/ingredient-analyzer/ingredients/eicosapentaenoic-acid/,https://learn.wattspet.com/ingredient-analyzer/ingredients/eicosapentaenoic-acid/
/ingredient-analyzer/ingredients/enterococcus-faecium/,https://learn.wattspet.com/ingredient-analyzer/ingredients/enterococcus-faecium/
/ingredient-analyzer/ingredients/ethoxyquin/,https://learn.wattspet.com/ingredient-analyzer/ingredients/ethoxyquin/
/ingredient-analyzer/ingredients/euphausia-superba/,https://learn.wattspet.com/ingredient-analyzer/ingredients/euphausia-superba/
/ingredient-analyzer/ingredients/fermented-ingredients/,https://learn.wattspet.com/ingredient-analyzer/ingredients/fermented-ingredients/
/ingredient-analyzer/ingredients/ferrous-sulfate/,https://learn.wattspet.com/ingredient-analyzer/ingredients/ferrous-sulfate/
/ingredient-analyzer/ingredients/fish-digest/,https://learn.wattspet.com/ingredient-analyzer/ingredients/fish-digest/
/ingredient-analyzer/ingredients/fish-meal/,https://learn.wattspet.com/ingredient-analyzer/ingredients/fish-meal/
/ingredient-analyzer/ingredients/fish-oil/,https://learn.wattspet.com/ingredient-analyzer/ingredients/fish-oil/
/ingredient-analyzer/ingredients/flaxseed/,https://learn.wattspet.com/ingredient-analyzer/ingredients/flaxseed/
/ingredient-analyzer/ingredients/folic-acid/,https://learn.wattspet.com/ingredient-analyzer/ingredients/folic-acid/
/ingredient-analyzer/ingredients/fructooligosaccharides/,https://learn.wattspet.com/ingredient-analyzer/ingredients/fructooligosaccharides/
/ingredient-analyzer/ingredients/gelatin/,https://learn.wattspet.com/ingredient-analyzer/ingredients/gelatin/
/ingredient-analyzer/ingredients/ginger/,https://learn.wattspet.com/ingredient-analyzer/ingredients/ginger/
/ingredient-analyzer/ingredients/ginkgo-biloba/,https://learn.wattspet.com/ingredient-analyzer/ingredients/ginkgo-biloba/
/ingredient-analyzer/ingredients/glucosamine/,https://learn.wattspet.com/ingredient-analyzer/ingredients/glucosamine/
/ingredient-analyzer/ingredients/glutamine/,https://learn.wattspet.com/ingredient-analyzer/ingredients/glutamine/
/ingredient-analyzer/ingredients/glutathione/,https://learn.wattspet.com/ingredient-analyzer/ingredients/glutathione/
/ingredient-analyzer/ingredients/glycerin/,https://learn.wattspet.com/ingredient-analyzer/ingredients/glycerin/
/ingredient-analyzer/ingredients/gos/,https://learn.wattspet.com/ingredient-analyzer/ingredients/gos/
/ingredient-analyzer/ingredients/green-lipped-mussel/,https://learn.wattspet.com/ingredient-analyzer/ingredients/green-lipped-mussel/
/ingredient-analyzer/ingredients/green-tea-extract/,https://learn.wattspet.com/ingredient-analyzer/ingredients/green-tea-extract/
/ingredient-analyzer/ingredients/ground-corn/,https://learn.wattspet.com/ingredient-analyzer/ingredients/ground-corn/
/ingredient-analyzer/ingredients/guar-fiber/,https://learn.wattspet.com/ingredient-analyzer/ingredients/guar-fiber/
/ingredient-analyzer/ingredients/guar-gum/,https://learn.wattspet.com/ingredient-analyzer/ingredients/guar-gum/
/ingredient-analyzer/ingredients/herring/,https://learn.wattspet.com/ingredient-analyzer/ingredients/herring/
/ingredient-analyzer/ingredients/herring-meal/,https://learn.wattspet.com/ingredient-analyzer/ingredients/herring-meal/
/ingredient-analyzer/ingredients/hickory-smoke-flavor/,https://learn.wattspet.com/ingredient-analyzer/ingredients/hickory-smoke-flavor/
/ingredient-analyzer/ingredients/honey/,https://learn.wattspet.com/ingredient-analyzer/ingredients/honey/
/ingredient-analyzer/ingredients/hyaluronic-acid/,https://learn.wattspet.com/ingredient-analyzer/ingredients/hyaluronic-acid/
/ingredient-analyzer/ingredients/hydrolyzed-poultry-liver/,https://learn.wattspet.com/ingredient-analyzer/ingredients/hydrolyzed-poultry-liver/
/ingredient-analyzer/ingredients/hydrolyzed-yeast/,https://learn.wattspet.com/ingredient-analyzer/ingredients/hydrolyzed-yeast/
/ingredient-analyzer/ingredients/inulin/,https://learn.wattspet.com/ingredient-analyzer/ingredients/inulin/
/ingredient-analyzer/ingredients/iron-amino-acid-chelate/,https://learn.wattspet.com/ingredient-analyzer/ingredients/iron-amino-acid-chelate/
/ingredient-analyzer/ingredients/iron-proteinate/,https://learn.wattspet.com/ingredient-analyzer/ingredients/iron-proteinate/
/ingredient-analyzer/ingredients/kale/,https://learn.wattspet.com/ingredient-analyzer/ingredients/kale/
/ingredient-analyzer/ingredients/kefir/,https://learn.wattspet.com/ingredient-analyzer/ingredients/kefir/
/ingredient-analyzer/ingredients/krill-oil/,https://learn.wattspet.com/ingredient-analyzer/ingredients/krill-oil/
/ingredient-analyzer/ingredients/l-ascorbyl-2-polyphosphate/,https://learn.wattspet.com/ingredient-analyzer/ingredients/l-ascorbyl-2-polyphosphate/
/ingredient-analyzer/ingredients/l-carnitine/,https://learn.wattspet.com/ingredient-analyzer/ingredients/l-carnitine/
/ingredient-analyzer/ingredients/l-lysine/,https://learn.wattspet.com/ingredient-analyzer/ingredients/l-lysine/
/ingredient-analyzer/ingredients/l-theanine/,https://learn.wattspet.com/ingredient-analyzer/ingredients/l-theanine/
/ingredient-analyzer/ingredients/l-threonine/,https://learn.wattspet.com/ingredient-analyzer/ingredients/l-threonine/
/ingredient-analyzer/ingredients/lactic-acid/,https://learn.wattspet.com/ingredient-analyzer/ingredients/lactic-acid/
/ingredient-analyzer/ingredients/lactobacillus-acidophilus/,https://learn.wattspet.com/ingredient-analyzer/ingredients/lactobacillus-acidophilus/
/ingredient-analyzer/ingredients/lamb/,https://learn.wattspet.com/ingredient-analyzer/ingredients/lamb/
/ingredient-analyzer/ingredients/lamb-fat/,https://learn.wattspet.com/ingredient-analyzer/ingredients/lamb-fat/
/ingredient-analyzer/ingredients/lamb-meal/,https://learn.wattspet.com/ingredient-analyzer/ingredients/lamb-meal/
/ingredient-analyzer/ingredients/lecithin/,https://learn.wattspet.com/ingredient-analyzer/ingredients/lecithin/
/ingredient-analyzer/ingredients/lentil-flour/,https://learn.wattspet.com/ingredient-analyzer/ingredients/lentil-flour/
/ingredient-analyzer/ingredients/lentils/,https://learn.wattspet.com/ingredient-analyzer/ingredients/lentils/
/ingredient-analyzer/ingredients/lignocellulose/,https://learn.wattspet.com/ingredient-analyzer/ingredients/lignocellulose/
/ingredient-analyzer/ingredients/lion-s-mane/,https://learn.wattspet.com/ingredient-analyzer/ingredients/lion-s-mane/
/ingredient-analyzer/ingredients/lipase/,https://learn.wattspet.com/ingredient-analyzer/ingredients/lipase/
/ingredient-analyzer/ingredients/liver-digest/,https://learn.wattspet.com/ingredient-analyzer/ingredients/liver-digest/
/ingredient-analyzer/ingredients/locust-bean-gum/,https://learn.wattspet.com/ingredient-analyzer/ingredients/locust-bean-gum/
/ingredient-analyzer/ingredients/lung/,https://learn.wattspet.com/ingredient-analyzer/ingredients/lung/
/ingredient-analyzer/ingredients/lutein/,https://learn.wattspet.com/ingredient-analyzer/ingredients/lutein/
/ingredient-analyzer/ingredients/mackerel/,https://learn.wattspet.com/ingredient-analyzer/ingredients/mackerel/
/ingredient-analyzer/ingredients/magnesium-citrate/,https://learn.wattspet.com/ingredient-analyzer/ingredients/magnesium-citrate/
/ingredient-analyzer/ingredients/magnesium-stearate/,https://learn.wattspet.com/ingredient-analyzer/ingredients/magnesium-stearate/
/ingredient-analyzer/ingredients/maitake/,https://learn.wattspet.com/ingredient-analyzer/ingredients/maitake/
/ingredient-analyzer/ingredients/malic-acid/,https://learn.wattspet.com/ingredient-analyzer/ingredients/malic-acid/
/ingredient-analyzer/ingredients/maltodextrin/,https://learn.wattspet.com/ingredient-analyzer/ingredients/maltodextrin/
/ingredient-analyzer/ingredients/manganese-gluconate/,https://learn.wattspet.com/ingredient-analyzer/ingredients/manganese-gluconate/
/ingredient-analyzer/ingredients/manganese-proteinate/,https://learn.wattspet.com/ingredient-analyzer/ingredients/manganese-proteinate/
/ingredient-analyzer/ingredients/manganese-sulfate/,https://learn.wattspet.com/ingredient-analyzer/ingredients/manganese-sulfate/
/ingredient-analyzer/ingredients/manganous-oxide/,https://learn.wattspet.com/ingredient-analyzer/ingredients/manganous-oxide/
/ingredient-analyzer/ingredients/mango/,https://learn.wattspet.com/ingredient-analyzer/ingredients/mango/
/ingredient-analyzer/ingredients/marshmallow-root/,https://learn.wattspet.com/ingredient-analyzer/ingredients/marshmallow-root/
/ingredient-analyzer/ingredients/meat-and-bone-meal/,https://learn.wattspet.com/ingredient-analyzer/ingredients/meat-and-bone-meal/
/ingredient-analyzer/ingredients/meat-meal/,https://learn.wattspet.com/ingredient-analyzer/ingredients/meat-meal/
/ingredient-analyzer/ingredients/chicken-by-products/,https://learn.wattspet.com/ingredient-analyzer/ingredients/chicken-by-products/
/ingredient-analyzer/ingredients/meat-by-products/,https://learn.wattspet.com/ingredient-analyzer/ingredients/meat-by-products/
/ingredient-analyzer/ingredients/melatonin/,https://learn.wattspet.com/ingredient-analyzer/ingredients/melatonin/
/ingredient-analyzer/ingredients/menadione-sodium-bisulfite-complex/,https://learn.wattspet.com/ingredient-analyzer/ingredients/menadione-sodium-bisulfite-complex/
/ingredient-analyzer/ingredients/menhaden-oil/,https://learn.wattspet.com/ingredient-analyzer/ingredients/menhaden-oil/
/ingredient-analyzer/ingredients/microcrystalline-cellulose/,https://learn.wattspet.com/ingredient-analyzer/ingredients/microcrystalline-cellulose/
/ingredient-analyzer/ingredients/milk-thistle/,https://learn.wattspet.com/ingredient-analyzer/ingredients/milk-thistle/
/ingredient-analyzer/ingredients/millet/,https://learn.wattspet.com/ingredient-analyzer/ingredients/millet/
/ingredient-analyzer/ingredients/miscanthus-grass/,https://learn.wattspet.com/ingredient-analyzer/ingredients/miscanthus-grass/
/ingredient-analyzer/ingredients/mixed-tocopherols/,https://learn.wattspet.com/ingredient-analyzer/ingredients/mixed-tocopherols/
/ingredient-analyzer/ingredients/modified-food-starch/,https://learn.wattspet.com/ingredient-analyzer/ingredients/modified-food-starch/
/ingredient-analyzer/ingredients/molasses/,https://learn.wattspet.com/ingredient-analyzer/ingredients/molasses/
/ingredient-analyzer/ingredients/montmorillonite-clay/,https://learn.wattspet.com/ingredient-analyzer/ingredients/montmorillonite-clay/
/ingredient-analyzer/ingredients/mos/,https://learn.wattspet.com/ingredient-analyzer/ingredients/mos/
/ingredient-analyzer/ingredients/msm/,https://learn.wattspet.com/ingredient-analyzer/ingredients/msm/
/ingredient-analyzer/ingredients/natural-color/,https://learn.wattspet.com/ingredient-analyzer/ingredients/natural-color/
/ingredient-analyzer/ingredients/natural-flavor/,https://learn.wattspet.com/ingredient-analyzer/ingredients/natural-flavor/
/ingredient-analyzer/ingredients/navy-beans/,https://learn.wattspet.com/ingredient-analyzer/ingredients/navy-beans/
/ingredient-analyzer/ingredients/niacin/,https://learn.wattspet.com/ingredient-analyzer/ingredients/niacin/
/ingredient-analyzer/ingredients/nutritional-yeast/,https://learn.wattspet.com/ingredient-analyzer/ingredients/nutritional-yeast/
/ingredient-analyzer/ingredients/oat-fiber/,https://learn.wattspet.com/ingredient-analyzer/ingredients/oat-fiber/
/ingredient-analyzer/ingredients/oat-flour/,https://learn.wattspet.com/ingredient-analyzer/ingredients/oat-flour/
/ingredient-analyzer/ingredients/oat-groats/,https://learn.wattspet.com/ingredient-analyzer/ingredients/oat-groats/
/ingredient-analyzer/ingredients/oat-hulls/,https://learn.wattspet.com/ingredient-analyzer/ingredients/oat-hulls/
/ingredient-analyzer/ingredients/oatmeal/,https://learn.wattspet.com/ingredient-analyzer/ingredients/oatmeal/
/ingredient-analyzer/ingredients/oats/,https://learn.wattspet.com/ingredient-analyzer/ingredients/oats/
/ingredient-analyzer/ingredients/oil-of-rosemary/,https://learn.wattspet.com/ingredient-analyzer/ingredients/oil-of-rosemary/
/ingredient-analyzer/ingredients/olive-oil/,https://learn.wattspet.com/ingredient-analyzer/ingredients/olive-oil/
/ingredient-analyzer/ingredients/omega-3-fatty-acids/,https://learn.wattspet.com/ingredient-analyzer/ingredients/omega-3-fatty-acids/
/ingredient-analyzer/ingredients/oysters/,https://learn.wattspet.com/ingredient-analyzer/ingredients/oysters/
/ingredient-analyzer/ingredients/palatant/,https://learn.wattspet.com/ingredient-analyzer/ingredients/palatant/
/ingredient-analyzer/ingredients/palm-fruit-oil/,https://learn.wattspet.com/ingredient-analyzer/ingredients/palm-fruit-oil/
/ingredient-analyzer/ingredients/papain/,https://learn.wattspet.com/ingredient-analyzer/ingredients/papain/
/ingredient-analyzer/ingredients/papaya/,https://learn.wattspet.com/ingredient-analyzer/ingredients/papaya/
/ingredient-analyzer/ingredients/paractin/,https://learn.wattspet.com/ingredient-analyzer/ingredients/paractin/
/ingredient-analyzer/ingredients/parsley/,https://learn.wattspet.com/ingredient-analyzer/ingredients/parsley/
/ingredient-analyzer/ingredients/passionflower/,https://learn.wattspet.com/ingredient-analyzer/ingredients/passionflower/
/ingredient-analyzer/ingredients/pea-fiber/,https://learn.wattspet.com/ingredient-analyzer/ingredients/pea-fiber/
/ingredient-analyzer/ingredients/pea-flour/,https://learn.wattspet.com/ingredient-analyzer/ingredients/pea-flour/
/ingredient-analyzer/ingredients/pea-hull-fiber/,https://learn.wattspet.com/ingredient-analyzer/ingredients/pea-hull-fiber/
/ingredient-analyzer/ingredients/pea-protein/,https://learn.wattspet.com/ingredient-analyzer/ingredients/pea-protein/
/ingredient-analyzer/ingredients/pea-starch/,https://learn.wattspet.com/ingredient-analyzer/ingredients/pea-starch/
/ingredient-analyzer/ingredients/peanut-hulls/,https://learn.wattspet.com/ingredient-analyzer/ingredients/peanut-hulls/
/ingredient-analyzer/ingredients/pear/,https://learn.wattspet.com/ingredient-analyzer/ingredients/pear/
/ingredient-analyzer/ingredients/peas/,https://learn.wattspet.com/ingredient-analyzer/ingredients/peas/
/ingredient-analyzer/ingredients/pectin/,https://learn.wattspet.com/ingredient-analyzer/ingredients/pectin/
/ingredient-analyzer/ingredients/phosphoric-acid/,https://learn.wattspet.com/ingredient-analyzer/ingredients/phosphoric-acid/
/ingredient-analyzer/ingredients/pineapple/,https://learn.wattspet.com/ingredient-analyzer/ingredients/pineapple/
/ingredient-analyzer/ingredients/pinto-beans/,https://learn.wattspet.com/ingredient-analyzer/ingredients/pinto-beans/
/ingredient-analyzer/ingredients/pork/,https://learn.wattspet.com/ingredient-analyzer/ingredients/pork/
/ingredient-analyzer/ingredients/pork-by-product-meal/,https://learn.wattspet.com/ingredient-analyzer/ingredients/pork-by-product-meal/
/ingredient-analyzer/ingredients/pork-fat/,https://learn.wattspet.com/ingredient-analyzer/ingredients/pork-fat/
/ingredient-analyzer/ingredients/pork-liver-flavor/,https://learn.wattspet.com/ingredient-analyzer/ingredients/pork-liver-flavor/
/ingredient-analyzer/ingredients/pork-meal/,https://learn.wattspet.com/ingredient-analyzer/ingredients/pork-meal/
/ingredient-analyzer/ingredients/potassium-chloride/,https://learn.wattspet.com/ingredient-analyzer/ingredients/potassium-chloride/
/ingredient-analyzer/ingredients/potassium-citrate/,https://learn.wattspet.com/ingredient-analyzer/ingredients/potassium-citrate/
/ingredient-analyzer/ingredients/potassium-iodide/,https://learn.wattspet.com/ingredient-analyzer/ingredients/potassium-iodide/
/ingredient-analyzer/ingredients/potassium-sorbate/,https://learn.wattspet.com/ingredient-analyzer/ingredients/potassium-sorbate/
/ingredient-analyzer/ingredients/potato-starch/,https://learn.wattspet.com/ingredient-analyzer/ingredients/potato-starch/
/ingredient-analyzer/ingredients/potatoes/,https://learn.wattspet.com/ingredient-analyzer/ingredients/potatoes/
/ingredient-analyzer/ingredients/poultry-by-product-meal/,https://learn.wattspet.com/ingredient-analyzer/ingredients/poultry-by-product-meal/
/ingredient-analyzer/ingredients/poultry-digest/,https://learn.wattspet.com/ingredient-analyzer/ingredients/poultry-digest/
/ingredient-analyzer/ingredients/poultry-fat/,https://learn.wattspet.com/ingredient-analyzer/ingredients/poultry-fat/
/ingredient-analyzer/ingredients/prebiotics/,https://learn.wattspet.com/ingredient-analyzer/ingredients/prebiotics/
/ingredient-analyzer/ingredients/probiotics/,https://learn.wattspet.com/ingredient-analyzer/ingredients/probiotics/
/ingredient-analyzer/ingredients/propylene-glycol/,https://learn.wattspet.com/ingredient-analyzer/ingredients/propylene-glycol/
/ingredient-analyzer/ingredients/protease/,https://learn.wattspet.com/ingredient-analyzer/ingredients/protease/
/ingredient-analyzer/ingredients/psyllium-husk/,https://learn.wattspet.com/ingredient-analyzer/ingredients/psyllium-husk/
/ingredient-analyzer/ingredients/pumpkin/,https://learn.wattspet.com/ingredient-analyzer/ingredients/pumpkin/
/ingredient-analyzer/ingredients/pumpkin-seed/,https://learn.wattspet.com/ingredient-analyzer/ingredients/pumpkin-seed/
/ingredient-analyzer/ingredients/pyridoxine-hydrochloride/,https://learn.wattspet.com/ingredient-analyzer/ingredients/pyridoxine-hydrochloride/
/ingredient-analyzer/ingredients/quercetin/,https://learn.wattspet.com/ingredient-analyzer/ingredients/quercetin/
/ingredient-analyzer/ingredients/red-3/,https://learn.wattspet.com/ingredient-analyzer/ingredients/red-3/
/ingredient-analyzer/ingredients/red-40/,https://learn.wattspet.com/ingredient-analyzer/ingredients/red-40/
/ingredient-analyzer/ingredients/reishi/,https://learn.wattspet.com/ingredient-analyzer/ingredients/reishi/
/ingredient-analyzer/ingredients/resistant-starch/,https://learn.wattspet.com/ingredient-analyzer/ingredients/resistant-starch/
/ingredient-analyzer/ingredients/riboflavin/,https://learn.wattspet.com/ingredient-analyzer/ingredients/riboflavin/
/ingredient-analyzer/ingredients/rice/,https://learn.wattspet.com/ingredient-analyzer/ingredients/rice/
/ingredient-analyzer/ingredients/rice-bran/,https://learn.wattspet.com/ingredient-analyzer/ingredients/rice-bran/
/ingredient-analyzer/ingredients/rice-flour/,https://learn.wattspet.com/ingredient-analyzer/ingredients/rice-flour/
/ingredient-analyzer/ingredients/rice-hulls/,https://learn.wattspet.com/ingredient-analyzer/ingredients/rice-hulls/
/ingredient-analyzer/ingredients/rice-starch/,https://learn.wattspet.com/ingredient-analyzer/ingredients/rice-starch/
/ingredient-analyzer/ingredients/rosemary-extract/,https://learn.wattspet.com/ingredient-analyzer/ingredients/rosemary-extract/
/ingredient-analyzer/ingredients/rye-meal/,https://learn.wattspet.com/ingredient-analyzer/ingredients/rye-meal/
/ingredient-analyzer/ingredients/safflower-oil/,https://learn.wattspet.com/ingredient-analyzer/ingredients/safflower-oil/
/ingredient-analyzer/ingredients/salmon/,https://learn.wattspet.com/ingredient-analyzer/ingredients/salmon/
/ingredient-analyzer/ingredients/salmon-meal/,https://learn.wattspet.com/ingredient-analyzer/ingredients/salmon-meal/
/ingredient-analyzer/ingredients/salmon-oil/,https://learn.wattspet.com/ingredient-analyzer/ingredients/salmon-oil/
/ingredient-analyzer/ingredients/salt/,https://learn.wattspet.com/ingredient-analyzer/ingredients/salt/
/ingredient-analyzer/ingredients/sardine-oil/,https://learn.wattspet.com/ingredient-analyzer/ingredients/sardine-oil/
/ingredient-analyzer/ingredients/sardines/,https://learn.wattspet.com/ingredient-analyzer/ingredients/sardines/
/ingredient-analyzer/ingredients/sauerkraut/,https://learn.wattspet.com/ingredient-analyzer/ingredients/sauerkraut/
/ingredient-analyzer/ingredients/sea-buckthorn/,https://learn.wattspet.com/ingredient-analyzer/ingredients/sea-buckthorn/
/ingredient-analyzer/ingredients/selenium/,https://learn.wattspet.com/ingredient-analyzer/ingredients/selenium/
/ingredient-analyzer/ingredients/selenium-yeast/,https://learn.wattspet.com/ingredient-analyzer/ingredients/selenium-yeast/
/ingredient-analyzer/ingredients/shiitake/,https://learn.wattspet.com/ingredient-analyzer/ingredients/shiitake/
/ingredient-analyzer/ingredients/shrimp/,https://learn.wattspet.com/ingredient-analyzer/ingredients/shrimp/
/ingredient-analyzer/ingredients/shrimp-meal/,https://learn.wattspet.com/ingredient-analyzer/ingredients/shrimp-meal/
/ingredient-analyzer/ingredients/silicon-dioxide/,https://learn.wattspet.com/ingredient-analyzer/ingredients/silicon-dioxide/
/ingredient-analyzer/ingredients/slippery-elm-bark/,https://learn.wattspet.com/ingredient-analyzer/ingredients/slippery-elm-bark/
/ingredient-analyzer/ingredients/smoke-flavor/,https://learn.wattspet.com/ingredient-analyzer/ingredients/smoke-flavor/
/ingredient-analyzer/ingredients/sodium-acid-pyrophosphate/,https://learn.wattspet.com/ingredient-analyzer/ingredients/sodium-acid-pyrophosphate/
/ingredient-analyzer/ingredients/sodium-alginate/,https://learn.wattspet.com/ingredient-analyzer/ingredients/sodium-alginate/
/ingredient-analyzer/ingredients/sodium-benzoate/,https://learn.wattspet.com/ingredient-analyzer/ingredients/sodium-benzoate/
/ingredient-analyzer/ingredients/sodium-hexametaphosphate/,https://learn.wattspet.com/ingredient-analyzer/ingredients/sodium-hexametaphosphate/
/ingredient-analyzer/ingredients/sodium-propionate/,https://learn.wattspet.com/ingredient-analyzer/ingredients/sodium-propionate/
/ingredient-analyzer/ingredients/sodium-selenite/,https://learn.wattspet.com/ingredient-analyzer/ingredients/sodium-selenite/
/ingredient-analyzer/ingredients/sodium-tripolyphosphate/,https://learn.wattspet.com/ingredient-analyzer/ingredients/sodium-tripolyphosphate/
/ingredient-analyzer/ingredients/sorbic-acid/,https://learn.wattspet.com/ingredient-analyzer/ingredients/sorbic-acid/
/ingredient-analyzer/ingredients/sorghum/,https://learn.wattspet.com/ingredient-analyzer/ingredients/sorghum/
/ingredient-analyzer/ingredients/sorghum-flour/,https://learn.wattspet.com/ingredient-analyzer/ingredients/sorghum-flour/
/ingredient-analyzer/ingredients/soy-hulls/,https://learn.wattspet.com/ingredient-analyzer/ingredients/soy-hulls/
/ingredient-analyzer/ingredients/soy-protein-concentrate/,https://learn.wattspet.com/ingredient-analyzer/ingredients/soy-protein-concentrate/
/ingredient-analyzer/ingredients/soy-protein-isolate/,https://learn.wattspet.com/ingredient-analyzer/ingredients/soy-protein-isolate/
/ingredient-analyzer/ingredients/soybean-meal/,https://learn.wattspet.com/ingredient-analyzer/ingredients/soybean-meal/
/ingredient-analyzer/ingredients/soybean-oil/,https://learn.wattspet.com/ingredient-analyzer/ingredients/soybean-oil/
/ingredient-analyzer/ingredients/spinach/,https://learn.wattspet.com/ingredient-analyzer/ingredients/spinach/
/ingredient-analyzer/ingredients/spirulina/,https://learn.wattspet.com/ingredient-analyzer/ingredients/spirulina/
/ingredient-analyzer/ingredients/spirulina-color/,https://learn.wattspet.com/ingredient-analyzer/ingredients/spirulina-color/
/ingredient-analyzer/ingredients/split-peas/,https://learn.wattspet.com/ingredient-analyzer/ingredients/split-peas/
/ingredient-analyzer/ingredients/squash/,https://learn.wattspet.com/ingredient-analyzer/ingredients/squash/
/ingredient-analyzer/ingredients/sunflower-lecithin/,https://learn.wattspet.com/ingredient-analyzer/ingredients/sunflower-lecithin/
/ingredient-analyzer/ingredients/sunflower-oil/,https://learn.wattspet.com/ingredient-analyzer/ingredients/sunflower-oil/
/ingredient-analyzer/ingredients/sweet-potato-fiber/,https://learn.wattspet.com/ingredient-analyzer/ingredients/sweet-potato-fiber/
/ingredient-analyzer/ingredients/sweet-potatoes/,https://learn.wattspet.com/ingredient-analyzer/ingredients/sweet-potatoes/
/ingredient-analyzer/ingredients/tapioca/,https://learn.wattspet.com/ingredient-analyzer/ingredients/tapioca/
/ingredient-analyzer/ingredients/tapioca-starch/,https://learn.wattspet.com/ingredient-analyzer/ingredients/tapioca-starch/
/ingredient-analyzer/ingredients/taurine/,https://learn.wattspet.com/ingredient-analyzer/ingredients/taurine/
/ingredient-analyzer/ingredients/thiamine-mononitrate/,https://learn.wattspet.com/ingredient-analyzer/ingredients/thiamine-mononitrate/
/ingredient-analyzer/ingredients/tomatoes/,https://learn.wattspet.com/ingredient-analyzer/ingredients/tomatoes/
/ingredient-analyzer/ingredients/tricalcium-phosphate/,https://learn.wattspet.com/ingredient-analyzer/ingredients/tricalcium-phosphate/
/ingredient-analyzer/ingredients/tripe/,https://learn.wattspet.com/ingredient-analyzer/ingredients/tripe/
/ingredient-analyzer/ingredients/tryptophan/,https://learn.wattspet.com/ingredient-analyzer/ingredients/tryptophan/
/ingredient-analyzer/ingredients/tuna/,https://learn.wattspet.com/ingredient-analyzer/ingredients/tuna/
/ingredient-analyzer/ingredients/turkey/,https://learn.wattspet.com/ingredient-analyzer/ingredients/turkey/
/ingredient-analyzer/ingredients/turkey-heart/,https://learn.wattspet.com/ingredient-analyzer/ingredients/turkey-heart/
/ingredient-analyzer/ingredients/turkey-liver/,https://learn.wattspet.com/ingredient-analyzer/ingredients/turkey-liver/
/ingredient-analyzer/ingredients/turkey-meal/,https://learn.wattspet.com/ingredient-analyzer/ingredients/turkey-meal/
/ingredient-analyzer/ingredients/turmeric/,https://learn.wattspet.com/ingredient-analyzer/ingredients/turmeric/
/ingredient-analyzer/ingredients/valerian-root/,https://learn.wattspet.com/ingredient-analyzer/ingredients/valerian-root/
/ingredient-analyzer/ingredients/vegetable-juice-for-color/,https://learn.wattspet.com/ingredient-analyzer/ingredients/vegetable-juice-for-color/
/ingredient-analyzer/ingredients/vegetable-oil/,https://learn.wattspet.com/ingredient-analyzer/ingredients/vegetable-oil/
/ingredient-analyzer/ingredients/vitamin-a-supplement/,https://learn.wattspet.com/ingredient-analyzer/ingredients/vitamin-a-supplement/
/ingredient-analyzer/ingredients/vitamin-b12-supplement/,https://learn.wattspet.com/ingredient-analyzer/ingredients/vitamin-b12-supplement/
/ingredient-analyzer/ingredients/vitamin-d2-supplement/,https://learn.wattspet.com/ingredient-analyzer/ingredients/vitamin-d2-supplement/
/ingredient-analyzer/ingredients/vitamin-d3-supplement/,https://learn.wattspet.com/ingredient-analyzer/ingredients/vitamin-d3-supplement/
/ingredient-analyzer/ingredients/vitamin-e-supplement/,https://learn.wattspet.com/ingredient-analyzer/ingredients/vitamin-e-supplement/
/ingredient-analyzer/ingredients/vitamin-k1/,https://learn.wattspet.com/ingredient-analyzer/ingredients/vitamin-k1/
/ingredient-analyzer/ingredients/watermelon/,https://learn.wattspet.com/ingredient-analyzer/ingredients/watermelon/
/ingredient-analyzer/ingredients/wheat/,https://learn.wattspet.com/ingredient-analyzer/ingredients/wheat/
/ingredient-analyzer/ingredients/wheat-bran/,https://learn.wattspet.com/ingredient-analyzer/ingredients/wheat-bran/
/ingredient-analyzer/ingredients/wheat-flour/,https://learn.wattspet.com/ingredient-analyzer/ingredients/wheat-flour/
/ingredient-analyzer/ingredients/wheat-germ-meal/,https://learn.wattspet.com/ingredient-analyzer/ingredients/wheat-germ-meal/
/ingredient-analyzer/ingredients/wheat-gluten/,https://learn.wattspet.com/ingredient-analyzer/ingredients/wheat-gluten/
/ingredient-analyzer/ingredients/whey-powder/,https://learn.wattspet.com/ingredient-analyzer/ingredients/whey-powder/
/ingredient-analyzer/ingredients/white-distilled-vinegar/,https://learn.wattspet.com/ingredient-analyzer/ingredients/white-distilled-vinegar/
/ingredient-analyzer/ingredients/whitefish/,https://learn.wattspet.com/ingredient-analyzer/ingredients/whitefish/
/ingredient-analyzer/ingredients/whitefish-meal/,https://learn.wattspet.com/ingredient-analyzer/ingredients/whitefish-meal/
/ingredient-analyzer/ingredients/whole-antarctic-krill-meal/,https://learn.wattspet.com/ingredient-analyzer/ingredients/whole-antarctic-krill-meal/
/ingredient-analyzer/ingredients/withania-somnifera/,https://learn.wattspet.com/ingredient-analyzer/ingredients/withania-somnifera/
/ingredient-analyzer/ingredients/xanthan-gum/,https://learn.wattspet.com/ingredient-analyzer/ingredients/xanthan-gum/
/ingredient-analyzer/ingredients/yeast-beta-glucans/,https://learn.wattspet.com/ingredient-analyzer/ingredients/yeast-beta-glucans/
/ingredient-analyzer/ingredients/yeast-fermentate/,https://learn.wattspet.com/ingredient-analyzer/ingredients/yeast-fermentate/
/ingredient-analyzer/ingredients/yellow-5/,https://learn.wattspet.com/ingredient-analyzer/ingredients/yellow-5/
/ingredient-analyzer/ingredients/yellow-6/,https://learn.wattspet.com/ingredient-analyzer/ingredients/yellow-6/
/ingredient-analyzer/ingredients/yellow-peas/,https://learn.wattspet.com/ingredient-analyzer/ingredients/yellow-peas/
/ingredient-analyzer/ingredients/yogurt/,https://learn.wattspet.com/ingredient-analyzer/ingredients/yogurt/
/ingredient-analyzer/ingredients/yucca-schidigera-extract/,https://learn.wattspet.com/ingredient-analyzer/ingredients/yucca-schidigera-extract/
/ingredient-analyzer/ingredients/zeaxanthin/,https://learn.wattspet.com/ingredient-analyzer/ingredients/zeaxanthin/
/ingredient-analyzer/ingredients/zinc-amino-acid-chelate/,https://learn.wattspet.com/ingredient-analyzer/ingredients/zinc-amino-acid-chelate/
/ingredient-analyzer/ingredients/zinc-chelate/,https://learn.wattspet.com/ingredient-analyzer/ingredients/zinc-chelate/
/ingredient-analyzer/ingredients/zinc-methionine-complex/,https://learn.wattspet.com/ingredient-analyzer/ingredients/zinc-methionine-complex/
/ingredient-analyzer/ingredients/zinc-oxide/,https://learn.wattspet.com/ingredient-analyzer/ingredients/zinc-oxide/
/ingredient-analyzer/ingredients/zinc-proteinate/,https://learn.wattspet.com/ingredient-analyzer/ingredients/zinc-proteinate/
/ingredient-analyzer/ingredients/zinc-sulfate/,https://learn.wattspet.com/ingredient-analyzer/ingredients/zinc-sulfate/
/ingredient-analyzer/ingredients/zucchini/,https://learn.wattspet.com/ingredient-analyzer/ingredients/zucchini/
/guides/dog-gut-health.html,https://learn.wattspet.com/guides/dog-gut-health.html
/guides/dog-immune-system.html,https://learn.wattspet.com/guides/dog-immune-system.html
/guides/dog-joint-health.html,https://learn.wattspet.com/guides/dog-joint-health.html
/guides/dog-vitamins-minerals.html,https://learn.wattspet.com/guides/dog-vitamins-minerals.html
/guides/dog-skin-coat-health.html,https://learn.wattspet.com/guides/dog-skin-coat-health.html
/guides/dog-life-stage-health.html,https://learn.wattspet.com/guides/dog-life-stage-health.html
/guides/choosing-dog-supplements.html,https://learn.wattspet.com/guides/choosing-dog-supplements.html
/guides/dog-nutrition-science.html,https://learn.wattspet.com/guides/dog-nutrition-science.html
/guides/cat-health.html,https://learn.wattspet.com/guides/cat-health.html
/guides/cat-immune-system.html,https://learn.wattspet.com/guides/cat-immune-system.html
/guides/cat-gut-health.html,https://learn.wattspet.com/guides/cat-gut-health.html
/blog/immune-support-for-cats.html,https://learn.wattspet.com/blog/immune-support-for-cats.html
/blog/beta-glucans-for-cats.html,https://learn.wattspet.com/blog/beta-glucans-for-cats.html
/blog/vitamins-for-cat-immune-system.html,https://learn.wattspet.com/blog/vitamins-for-cat-immune-system.html
/blog/prebiotics-for-cats.html,https://learn.wattspet.com/blog/prebiotics-for-cats.html
/blog/cat-digestive-issues.html,https://learn.wattspet.com/blog/cat-digestive-issues.html
/blog/taurine-for-cats.html,https://learn.wattspet.com/blog/taurine-for-cats.html
/blog/arachidonic-acid-for-cats.html,https://learn.wattspet.com/blog/arachidonic-acid-for-cats.html
/blog/how-to-read-cat-food-labels.html,https://learn.wattspet.com/blog/how-to-read-cat-food-labels.html
/blog/omega-3-for-cats.html,https://learn.wattspet.com/blog/omega-3-for-cats.html
/blog/probiotics-for-cats.html,https://learn.wattspet.com/blog/probiotics-for-cats.html
/blog/kidney-support-for-cats.html,https://learn.wattspet.com/blog/kidney-support-for-cats.html
/blog/spirulina-vs-chlorella-for-dogs.html,https://learn.wattspet.com/blog/spirulina-vs-chlorella-for-dogs.html
/blog/boswellia-vs-turmeric-for-dogs.html,https://learn.wattspet.com/blog/boswellia-vs-turmeric-for-dogs.html
/blog/green-lipped-mussel-vs-fish-oil.html,https://learn.wattspet.com/blog/green-lipped-mussel-vs-fish-oil.html
/blog/protein-requirements-cats.html,https://learn.wattspet.com/blog/protein-requirements-cats.html
/blog/supplements-for-cats.html,https://learn.wattspet.com/blog/supplements-for-cats.html
/blog/senior-cat-nutrition.html,https://learn.wattspet.com/blog/senior-cat-nutrition.html
/blog/vitamin-a-for-cats.html,https://learn.wattspet.com/blog/vitamin-a-for-cats.html
/blog/uc-ii-for-dogs.html,https://learn.wattspet.com/blog/uc-ii-for-dogs.html
/blog/uc-ii-for-cats.html,https://learn.wattspet.com/blog/uc-ii-for-cats.html
/blog/dog-food-ingredients-to-avoid.html,https://learn.wattspet.com/blog/dog-food-ingredients-to-avoid.html
/blog/glucosamine-for-dogs.html,https://learn.wattspet.com/blog/glucosamine-for-dogs.html
/blog/uc-ii-vs-glucosamine-for-dogs.html,https://learn.wattspet.com/blog/uc-ii-vs-glucosamine-for-dogs.html
/blog/antioxidants-for-cats.html,https://learn.wattspet.com/blog/antioxidants-for-cats.html
/blog/astaxanthin-for-dogs.html,https://learn.wattspet.com/blog/astaxanthin-for-dogs.html
/blog/astaxanthin-for-cats.html,https://learn.wattspet.com/blog/astaxanthin-for-cats.html
/blog/postbiotics-for-dogs.html,https://learn.wattspet.com/blog/postbiotics-for-dogs.html
/blog/epicor-for-dogs.html,https://learn.wattspet.com/blog/epicor-for-dogs.html
/blog/epicor-for-cats.html,https://learn.wattspet.com/blog/epicor-for-cats.html
/blog/spirulina-for-cats.html,https://learn.wattspet.com/blog/spirulina-for-cats.html